game_name,release_date,Added to Service,Removed from Service,metacritic_score,publisher,developer
,8/30/2016,,,,,tcsc
Tiny Tina’s Wonderlands,3/25/2022,5/29/2025,6/5/2025,,"2K Games, Gearbox Publishing",Gearbox Software
Limbo,7/21/2010,5/29/2025,6/5/2025,88,"Microsoft Studios, Playdead, 鱼俞","Double Eleven, Playdead, 鱼俞"
Sifu,2/8/2022,5/22/2025,5/29/2025,79,"Microids, Kepler Interactive, Sloclap",Sloclap
Gigapocalypse,7/22/2021,5/22/2025,5/29/2025,,Headup Games,"Headup Games, Goody Gameworks"
Deliver at All Costs,,5/22/2025,5/29/2025,,"Konami Digital Entertainment-US, Konami Entertainment",Far Out Games
Happy Game,10/28/2021,5/15/2025,5/22/2025,,Amanita Design,Amanita Design
Dead Island 2,4/21/2023,5/15/2025,5/22/2025,75,Deep Silver,Dambuster Studios
Touch Type Tale,,5/8/2025,5/15/2025,,Pumpernickel Studio,Pumpernickel Studio
Deadtime Defenders,,5/8/2025,5/15/2025,,Ravenous Games,Ravenous Games
Lego Star Wars: The Skywalker Saga,4/5/2022,5/4/2025,5/5/2025,80,"Microsoft Studios, Warner Bros. Interactive, WB Games",TT Games
Super Space Club,8/4/2023,5/1/2025,5/8/2025,,GrahamOfLegend,GrahamOfLegend
Chuchel,3/7/2018,4/24/2025,5/1/2025,80,Amanita Design,Amanita Design
Albion Online Free Welcome Gift,5/22/2017,4/24/2025,5/1/2025,,Cabbibo,Cabbibo
Firestone Free Offer,8/8/2013,4/17/2025,4/24/2025,,"Sekai Project, Sekai Games",ALICE IN DISSONANCE
Botanicula,4/18/2012,4/17/2025,4/24/2025,82,Amanita Design,Amanita Design
River City Girls,9/4/2019,4/10/2025,4/17/2025,,"Arc System Works, WayForward, Wayforward Technologies, H2 Interactive",WayForward Technologies
Idle Champions of the Forgotten Realms,9/7/2017,4/10/2025,4/17/2025,,Codename Entertainment,Codename Entertainment
Arcadgeddon,1/25/1999,4/10/2025,4/17/2025,,"Team17 Digital, Atari, Hasbro Interactive",Team17 Digital
Cat Quest II,9/23/2019,4/3/2025,4/10/2025,77,"PQube, The Gentlebros Pte","The Gentlebros, The Gentlebros."
"Neko Ghost, Jump!",10/11/2019,3/27/2025,4/3/2025,,Burgos Games,Burgos Games
Cat Quest,8/7/2017,3/27/2025,4/3/2025,77,"PQube, The Gentlebros Pte","The Gentlebros, Pqube, The Gentlebros Pte"
Jurassic World Evolution 2,11/9/2021,3/20/2025,3/27/2025,,Frontier Developments,Frontier Developments
World of Warships: Anniversary Party Favor,4/16/2019,3/13/2025,3/20/2025,82,,Wargaming.net
Mortal Shell,8/18/2020,3/13/2025,3/20/2025,75,PlayStack,"Cold Symmetry, PlayStack"
Them’s Fightin’ Herds,4/30/2020,3/6/2025,3/13/2025,82,"Humble Bundle, Mane6",Mane6
Mages of Mystralia,5/17/2017,2/27/2025,3/6/2025,75,Borealys Games,Borealys Games
World War Z: Aftermath,9/21/2021,2/20/2025,2/27/2025,,Saber Interactive,Saber Interactive
Garden Story,8/11/2021,2/20/2025,2/27/2025,,Picogram,Picogram
F1 Manager 2024,7/23/2024,2/13/2025,2/20/2025,,Frontier Developments,Frontier Developments
Apex Legends: Loba Free Unlock Bundle,10/2/2021,2/13/2025,2/20/2025,,Electronic Arts,Respawn Entertainment
Humankind Standard Edition,,2/6/2025,2/13/2025,,SEGA,Amplitude Studios
Beyond Blue,6/11/2020,2/6/2025,2/13/2025,72,E-Line Media,E-Line Media
Undying,10/19/2021,1/30/2025,2/6/2025,,Vanimals,Vanimals
Behind the Frame: The Finest Scenery,8/17/2021,1/23/2025,1/30/2025,,"Akupara Games, Akatsuki Taiwan","Akupara Games, Silver Lining Studio"
Escape Academy,7/13/2022,1/16/2025,1/23/2025,,"Skybound Games, iam8bit",Coin Crew Games
Turmoil,6/1/2016,1/9/2025,1/16/2025,73,"Plug In Digital, Playdigious, Gamious, Xiamen Leiting Network Technology Co, KiwiClockWork Studios","Gamious, 雷霆游戏, KiwiClockWork Studios"
Hell Let Loose,6/6/2019,1/2/2025,1/9/2025,77,Team17 Digital,Black Matter
Kingdom Come: Deliverance,2/13/2018,1/1/2025,1/2/2025,71,Warhorse Studios,"Deep Silver, Warhorse Studios"
Sifu,2/8/2022,12/31/2024,1/1/2025,79,"Microids, Kepler Interactive, Sloclap",Sloclap
[Redacted],3/29/2021,12/30/2024,12/31/2024,,,Librivore42
Orcs Must Die! 3,7/13/2020,12/29/2024,12/30/2024,,Robot Entertainment,Robot Entertainment
Kill Knight,,12/28/2024,12/29/2024,,PlaySide,PlaySide
Hot Wheels Unleashed,9/27/2021,12/27/2024,12/28/2024,74,Milestone,Milestone
Ghostrunner 2,10/26/2023,12/26/2024,12/27/2024,,505 Games,One More Level
Control,8/27/2019,12/25/2024,12/26/2024,84,505 Games,"505 Games, Remedy Entertainment"
Dredge,3/29/2023,12/24/2024,12/25/2024,,Team17 Digital,Black Salt Games
Dark and Darker: Legendary Status,5/15/2019,12/23/2024,12/24/2024,,Auroch Digital,Auroch Digital
Wizard of Legend,5/15/2018,12/22/2024,12/23/2024,77,"Humble Bundle, Contingent99","Humble Bundle, Contingent99"
TerraTech,2/6/2015,12/21/2024,12/22/2024,,"Payload Studios, Terra Tek Studios",Payload Studios
Astrea: Six-Sided Oracles,9/21/2023,12/20/2024,12/21/2024,,Akupara Games,Little Leo Games
Vampire Survivors,10/20/2022,12/19/2024,12/20/2024,,poncle,poncle
The Lord of the Rings: Return to Moria,10/24/2023,12/12/2024,12/19/2024,,North Beach Games,Free Range Games
Lego Star Wars: The Skywalker Saga,4/5/2022,12/5/2024,12/12/2024,80,"Microsoft Studios, Warner Bros. Interactive, WB Games",TT Games
Bus Simulator 21 Next Stop,9/6/2021,12/5/2024,12/12/2024,,Astragon Entertainment,stillalive studios
Brotato,9/27/2022,11/28/2024,12/5/2024,,Blobfish,Blobfish
Beholder,11/8/2016,11/21/2024,11/28/2024,75,"Alawar Entertainment, Alawar Premium, Creative Mobile, Osauhing Creative Mobile","Alawar Entertainment, Warm Lamp Games"
Snakebird Complete,12/29/2023,11/14/2024,11/21/2024,,,Noumenon Games
Castlevania Anniversary Collection,5/16/2019,11/14/2024,11/21/2024,78,Konami,Konami Digital Entertainment
Deceive Inc.,3/21/2023,11/7/2024,11/14/2024,,Sweet Bandits Studios,Sweet Bandits Studios
Apex Legends: Ash Free Unlock Bundle,2/4/2019,11/7/2024,11/14/2024,80,Electronic Arts,Respawn Entertainment
Ghostwire: Tokyo,3/24/2022,10/31/2024,11/7/2024,78,Bethesda Softworks,Tango Gameworks
Witch It,5/31/2017,10/31/2024,11/7/2024,,"Daedalic Entertainment, Barrel Roll Games",Barrel Roll Games
Moving Out,4/28/2020,10/24/2024,10/31/2024,77,Team17 Digital,"SMG Studio, Devm Games"
Kardboard Kings,2/9/2022,10/17/2024,10/24/2024,,Akupara Games,"Oscar Brittain, Rob Gross, Henry's House"
Invincible Presents: Atom Eve,11/14/2023,10/17/2024,10/24/2024,,Skybound Games,Terrible Posture Games
Outliver: Tribulation,7/18/2023,10/10/2024,10/17/2024,,GBROSSOFT,GBROSSOFT
Empyrion: Galactic Survival,8/5/2015,10/10/2024,10/17/2024,,Eleon Game Studios,Eleon Game Studios
Bear and Breakfast,7/28/2022,10/3/2024,10/10/2024,72,Armor Games Studios,Gummy Cat
The Spirit and the Mouse,9/26/2022,9/26/2024,10/3/2024,,Armor Games Studios,Alblune
The Last Stand: Aftermath,11/16/2021,9/19/2024,9/26/2024,,"Armor Games, Armor Games Studios",Con Artist Games
Toem: A Photo Adventure,9/16/2021,9/19/2024,9/26/2024,79,Something We Made,Something We Made
Super Crazy Rhythm Castle,11/13/2023,9/12/2024,9/19/2024,,Konami,Second Impact Games
Rugrats: Adventures in Gameland,9/10/2024,9/12/2024,9/19/2024,,The MIX Games,"WALLRIDE, The MIX Games"
Sniper Ghost Warrior Contracts,11/21/2019,9/5/2024,9/12/2024,57,CI Games,CI Games
Football Manager 2024,11/6/2023,9/5/2024,9/12/2024,,SEGA,Sports Interactive
Wild Card Football,10/10/2023,8/29/2024,9/5/2024,,Saber Interactive,Saber Interactive
Fallout Classic Collection,4/18/2019,8/29/2024,9/5/2024,,Konami,Konami Digital Entertainment
The Callisto Protocol,12/1/2022,8/22/2024,8/29/2024,69,"Skybound Games, KRAFTON",Striking Distance Studios
Gigantic: Rampage Edition,4/9/2024,8/22/2024,8/29/2024,,Arc Games,Abstraction Games
World of Warships Starter Pack: Albany,10/7/2022,8/15/2024,8/22/2024,,Wargaming,Wargaming Group
Death’s Gambit: Afterlife,9/30/2021,8/15/2024,8/22/2024,,Adult Swim Games,White Rabbit
DNF Duel,6/28/2022,8/8/2024,8/15/2024,,"Nexon, NEXON KOREA","Arc System Works, Arc System Works Co., Neople, EIGHTING Co"
CYGNI: All Guns Blazing,,8/8/2024,8/15/2024,,Konami,"Keel Works, KeelWorks"
Apex Legends Conduit Free Unlock Bundle,2/4/2019,8/8/2024,8/15/2024,80,Electronic Arts,Respawn Entertainment
Rawmen: Food Fighter Arena,8/22/2020,8/1/2024,8/8/2024,,,MNUL
LumbearJack,,8/1/2024,8/8/2024,,Armor Games Studios,FinalBoss Games
F.I.S.T.: Forged in Shadow Torch,9/7/2021,7/25/2024,8/1/2024,76,bilibili,TiGAMES
Olympics Go! Paris 2024 Exclusive Outfits Pack,11/18/2008,7/25/2024,8/1/2024,,Electronic Arts,Maxis
Maid of Sker,7/28/2020,7/18/2024,7/25/2024,64,Wales Interactive,Wales Interactive
Arcade Paradise,8/11/2022,7/18/2024,7/25/2024,,Wired Productions,Nosebleed Interactive
Floppy Knights,5/24/2022,7/11/2024,7/18/2024,76,Those Awesome Guys,Rose City Games
The Falconeer,11/10/2020,7/4/2024,7/11/2024,65,Wired Productions,Tomas Sala
Sunless Skies: Sovereign Edition,8/30/2017,6/27/2024,7/4/2024,87,Failbetter Games,Failbetter Games
Rumble Club Free Game of the Week Bonus,3/13/2015,6/20/2024,6/27/2024,,"Merge Games, Tagstar Games",Still Running
Freshly Frosted,3/17/2019,6/20/2024,6/27/2024,,The Quantum Astrophysicists Guild,"The Quantum Astrophysicists Guild, Ty Taylor, seraphki, AllyOverton"
Redout 2,6/16/2022,6/13/2024,6/20/2024,,Saber Interactive,34BigThings
Idle Champions of the Forgotten Realms,9/7/2017,6/13/2024,6/20/2024,,Codename Entertainment,Codename Entertainment
Marvel’s Midnight Suns,12/2/2022,6/6/2024,6/13/2024,,2K Games,Firaxis
Chivalry 2,6/8/2021,5/30/2024,6/6/2024,78,"Deep Silver, Tripwire Interactive, Tripwire Presents",Torn Banner Studios
Farming Simulator 22,11/22/2021,5/23/2024,5/30/2024,,Giants Software,Giants Software
Dragon Age: Inquisition – Game of the Year Edition,11/18/2014,5/16/2024,5/23/2024,86,Electronic Arts,"BioWare, BioWare Edmonton"
Firestone Free Offer,8/8/2013,5/9/2024,5/16/2024,,"Sekai Project, Sekai Games",ALICE IN DISSONANCE
Circus Electrique,9/6/2022,5/9/2024,5/16/2024,,Saber Interactive,Zen Studios
Orcs Must Die! 3,7/13/2020,5/2/2024,5/9/2024,,Robot Entertainment,Robot Entertainment
Cat Quest II,9/23/2019,5/2/2024,5/9/2024,77,"PQube, The Gentlebros Pte","The Gentlebros, The Gentlebros."
Lisa: Definitive Edition,12/14/2014,4/25/2024,5/2/2024,78,"Serenity Forge, Dingaling Productions","Dingaling, dingalingboy"
Industria,9/30/2021,4/25/2024,5/2/2024,66,"Headup Games, Headup Publishing",Bleakmill
Town of Salem 2,5/26/2023,4/18/2024,4/25/2024,,BlankMediaGames,BlankMediaGames
The Big Con,8/31/2021,4/18/2024,4/25/2024,76,Mighty Yell,Mighty Yell
Ghostrunner,10/27/2020,4/11/2024,4/18/2024,,All in! Games,"3D Realms, One More Level, Slipgate Ironworks™"
Thief,2/25/2014,4/4/2024,4/11/2024,70,Square Enix,"Feral Interactive, Square Enix, Eidos Montreal"
The Outer Worlds: Spacer’s Choice Edition,3/7/2023,4/4/2024,4/11/2024,,Private Division,"Obsidian Entertainment, Virtuos Games"
Islets,8/24/2022,3/28/2024,4/4/2024,,Armor Games Studios,Kyle Thompson
Invincible Presents: Atom Eve,11/14/2023,3/21/2024,3/28/2024,,Skybound Games,Terrible Posture Games
Call of the Wild: The Angler,8/31/2022,3/21/2024,3/28/2024,,Expansive Worlds,Expansive Worlds
The Bridge,2/21/2013,3/14/2024,3/21/2024,74,"Midnight City, The Quantum Astrophysicists Guild","The Quantum Astrophysicists Guild, Ty Taylor and Mario Castañeda, Ty Taylor and Mario Castaneda"
Deus Ex: Mankind Divided,8/22/2016,3/14/2024,3/21/2024,83,"Square Enix, Feral Interactive",Eidos Montreal
Astro Duel 2,3/7/2024,3/7/2024,3/14/2024,,Wild Rooster,Rusty Moyher
Aerial_Knight’s Never Yield,5/19/2021,2/29/2024,3/7/2024,70,,
Super Meat Boy Forever,12/23/2020,2/22/2024,2/29/2024,68,"Thunderful Publishing, Team Meat","Headup Games, Team Meat, Thunderful Publishing"
Dakar Desert Rally,10/4/2022,2/15/2024,2/22/2024,,Saber Interactive,"Saber Interactive, Saber Porto"
Lost Castle,8/31/2016,2/8/2024,2/15/2024,,"X.D. Network, Another Indie, Another Indie Studio",Hunter Studio
Doki Doki Literature Club Plus!,6/30/2021,2/8/2024,2/15/2024,,Serenity Forge,Team Salvato
Doors: Paradox,9/27/2021,2/1/2024,2/8/2024,,"Snapbreak Games, Snapbreak","Snapbreak Games, Big Loop Studios"
Infinifactory,6/29/2015,1/25/2024,2/1/2024,,Zachtronics,Zachtronics
Love,2/7/2014,1/18/2024,1/25/2024,,"Mokuzai Studio, Fred Wood",Fred Wood
Sail Forth,12/20/2022,1/11/2024,1/18/2024,,"The Quantum Astrophysicists Guild, Acid Cat","David Evans, Festive Vector"
Marvel’s Guardians of the Galaxy,10/26/2021,1/4/2024,1/11/2024,,Square Enix,Eidos Montreal
A Plague Tale: Innocence,5/13/2019,1/3/2024,1/4/2024,82,Focus Home Interactive,"Focus Home Interactive, Asobo Studio"
20 Minutes Till Dawn,6/6/2023,1/2/2024,1/3/2024,,"Erabit, flanne, QI YU SG. PTE","flanne, Erabit Studios"
Escape Academy,7/13/2022,1/1/2024,1/2/2024,,"Skybound Games, iam8bit",Coin Crew Games
Ghostrunner,10/27/2020,12/31/2023,1/1/2024,,All in! Games,"3D Realms, One More Level, Slipgate Ironworks™"
Saints Row,8/29/2006,12/30/2023,12/31/2023,81,"Deep Silver, Koch Media",Volition
Snakebird Complete,12/29/2023,12/29/2023,12/30/2023,,,Noumenon Games
Cat Quest,8/7/2017,12/28/2023,12/29/2023,77,"PQube, The Gentlebros Pte","The Gentlebros, Pqube, The Gentlebros Pte"
Cursed to Golf,7/18/2020,12/27/2023,12/28/2023,,,LiamBME
Human Resource Machine,10/14/2015,12/26/2023,12/27/2023,78,"Tomorrow, Experimental Gameplay Group","Tomorrow, Experimental Gameplay Group"
The Outer Worlds: Spacer’s Choice Edition,3/7/2023,12/25/2023,12/26/2023,,Private Division,"Obsidian Entertainment, Virtuos Games"
Ghostwire: Tokyo,3/24/2022,12/24/2023,12/25/2023,78,Bethesda Softworks,Tango Gameworks
Fallout 3: Game of the Year Edition,10/13/2009,12/23/2023,12/24/2023,91,Bethesda Softworks,Bethesda Game Studios
Art of Rally,9/23/2020,12/22/2023,12/23/2023,78,Funselektor Labs,Funselektor Labs
Melvor Idle,6/23/2020,12/21/2023,12/22/2023,,"Games by Malcs, Malcs","Malcs, Games by Malcs"
DNF Duel,6/28/2022,12/20/2023,12/21/2023,,"Nexon, NEXON KOREA","Arc System Works, Arc System Works Co., Neople, EIGHTING Co"
Destiny 2: Legacy Collection,9/4/2018,12/13/2023,12/20/2023,84,Activision Blizzard,Activision
Predecessor,,12/7/2023,12/13/2023,,Omeda Studios,Omeda Studios
GigaBash,8/5/2022,12/7/2023,12/13/2023,,Passion Republic Games,Passion Republic Games
Mighty Fight Federation,2/25/2021,11/30/2023,12/7/2023,,Komi Games,Komi Games
Jitsu Squad,2/18/2021,11/30/2023,12/7/2023,,Tanuki Creative Studio,"TanukiCreativeStudio, Tanuki Creative Studio"
Deliver Us Mars,2/2/2023,11/23/2023,11/30/2023,,Frontier Foundry,KeokeN Interactive
Surviving the Aftermath,11/15/2021,11/16/2023,11/23/2023,,Paradox Interactive,"Haemimont Games, Iceflake Studios"
Earthlock,9/1/2016,11/16/2023,11/23/2023,,Snowcastle Games,"Snowcastle Games, Snow Castle AS"
Golden Light,3/11/2022,11/9/2023,11/16/2023,,"HypeTrain Digital, Mr. Pink",Mr. Pink
Turnip Boy Commits Tax Evasion,4/22/2021,11/2/2023,11/9/2023,74,Graffiti Games,"Snoozy Kazoo, Yukon W."
The Evil Within 2,10/11/2017,10/26/2023,11/2/2023,82,Bethesda Softworks,"Bethesda Softworks, Tango Gameworks"
Tandem: A Tale of Shadows,10/21/2021,10/26/2023,11/2/2023,,Hatinh Interactive,Monochrome Paris
The Evil Within,10/12/2014,10/19/2023,10/26/2023,68,Bethesda Softworks,"Bethesda Softworks, Tango Gameworks"
Eternal Threads,5/19/2022,10/19/2023,10/26/2023,,Secret Mode,Cosmonaut Studios
Q.U.B.E. Ultimate Bundle,5/21/2014,10/12/2023,10/19/2023,,"Kiss, Toxic Games, Grip Digital, Grip Digital sro","NVIDIA Lightspeed Studios, Toxic Games, Grip Digital"
Blazing Sails,,10/12/2023,10/19/2023,,GET UP GAMES,GET UP GAMES
Godlike Burger,4/20/2022,10/5/2023,10/12/2023,,Daedalic Entertainment,Liquid Pug
Soulstice,9/19/2022,9/28/2023,10/5/2023,,Modus Games,Reply Game Studios
Model Builder,2/8/2022,9/28/2023,10/5/2023,,Moonlit,Moonlit
The Forest Quartet,12/8/2022,9/21/2023,9/28/2023,,Bedtime Digital Games,Mads & Friends
Out of Line,6/23/2021,9/21/2023,9/28/2023,,Hatinh Interactive,Nerd Monkeys
911 Operator,2/24/2017,9/14/2023,9/21/2023,68,"Games Operators, PLAYWAY SPOLKA AKCYJNA, SONKA","PlayWay, Jutsu Games, Games Operators"
Spelldrifter,9/14/2019,9/7/2023,9/14/2023,,Free Range Games,Free Range Games
Cave Story+,3/22/2010,8/31/2023,9/7/2023,83,Nicalis,"Nicalis, Studio Pixel"
Homeworld: Deserts of Kharak,1/19/2016,8/24/2023,8/31/2023,79,Gearbox Software,"Gearbox Software, Blackbird Interactive"
Dodo Peak,9/12/2019,8/17/2023,8/24/2023,,,
Black Book,8/10/2021,8/17/2023,8/24/2023,78,"HypeTrain Digital, Morteshka",Morteshka
Orwell: Keeping an Eye on You,10/27/2016,8/10/2023,8/17/2023,77,"Fellow Traveller, Surprise Attack","Osmotic Studios, Fellow Traveller"
Europa Universalis IV,8/12/2013,8/10/2023,8/17/2023,87,Paradox Interactive,"Paradox Development Studio, Paradox Tinto"
Loop Hero,3/4/2021,8/3/2023,8/10/2023,83,Devolver Digital,Four Quarters
Bloons TD 6,6/14/2018,8/3/2023,8/10/2023,,"Ninja Kiwi, Kaiparasoft","Ninja Kiwi, AxelOrozco"
Severed Steel,9/16/2021,7/27/2023,8/3/2023,,"Digerati, Digerati Distribution",Greylock Studio
Homeworld Remastered Collection,2/24/2015,7/27/2023,8/3/2023,86,"Aspyr, Gearbox Software","Aspyr Media, Gearbox Software"
The Elder Scrolls Online,4/4/2014,7/20/2023,7/27/2023,71,Bethesda Softworks,"Zenimax Online Studios, Zenimax Media"
Murder by Numbers,3/5/2020,7/20/2023,7/27/2023,,Irregular,Mediatonic
Train Valley 2,4/14/2019,7/13/2023,7/20/2023,,Flazm,"Alexey Davydov, Sergey Dvoynikov, Timofey Shargorodskiy"
Grime,8/2/2021,7/6/2023,7/13/2023,,"Akupara Games, Funnel Entertainment","Clover Bite, Funnel Entertainment"
The Dungeon of Naheulbeuk: The Amulet of Chaos,9/17/2020,6/29/2023,7/6/2023,,Dear Villagers,"Dear Villagers, Artefacts Studio"
theHunter: Call of the Wild,2/16/2017,6/22/2023,6/29/2023,74,"Astragon Entertainment, Avalanche Studios",Expansive Worlds
Idle Champions of the Forgotten Realms,9/7/2017,6/22/2023,6/29/2023,,Codename Entertainment,Codename Entertainment
Guacamelee! 2,8/20/2018,6/15/2023,6/22/2023,85,DrinkBox Studios,DrinkBox Studios
Guacamelee! Super Turbo Championship Edition,7/1/2014,6/15/2023,6/22/2023,86,DrinkBox Studios,"DrinkBox Studios, Broken Rules"
Payday 2,8/13/2013,6/8/2023,6/15/2023,79,"505 Games, Starbreeze","505 Games, OVERKILL Software"
Midnight Ghost Hunt,3/31/2022,6/1/2023,6/8/2023,,Mellowsoft,Mellowsoft
Fallout: New Vegas Ultimate Edition,2/7/2012,5/25/2023,6/1/2023,,Bethesda Softworks,Obsidian Entertainment
Death Stranding,11/8/2019,5/18/2023,5/25/2023,84,"Sony Interactive Entertainment, 505 Games",Kojima Productions
The Sims 4 The Daring Lifestyle Bundle,9/2/2014,5/11/2023,5/18/2023,67,Electronic Arts,"Electronic Arts, Maxis"
Kao the Kangaroo,1/1/2000,5/4/2023,5/11/2023,,"Tate Multimedia, Titus Software, Titus Interactive, Tate Interactive","Tate Multimedia, X-Ray Interactive"
Horizon Chase Turbo,5/15/2018,5/4/2023,5/11/2023,78,"AQUIRIS, Aquiris Game Studio",Aquiris Game Studio
Against All Odds,7/25/2016,5/4/2023,5/11/2023,,,Rxanadu
Poker Club,,4/27/2023,5/4/2023,,Ripstone,Ripstone
Breathedge,2/25/2021,4/27/2023,5/4/2023,66,RedRuins Softworks,RedRuins Softworks
Never Alone (Kisima Ingitchuna),11/18/2014,4/20/2023,4/27/2023,70,E-Line Media,Upper One Games
Beyond Blue,6/11/2020,4/20/2023,4/27/2023,72,E-Line Media,E-Line Media
Second Extinction,10/20/2022,4/13/2023,4/20/2023,,Systemic Reaction,Systemic Reaction
Mordhau,4/29/2019,4/13/2023,4/20/2023,81,Triternion,Triternion
shapez,6/6/2020,4/6/2023,4/13/2023,,Prismatika,Tobias Springer
Dying Light: The Following – Enhanced Edition,1/26/2015,4/6/2023,4/13/2023,87,"Techland Publishing, Techland",Techland
Tunche,11/2/2021,3/30/2023,4/6/2023,,LEAP Game Studios,LEAP Game Studios
The Silent Age,12/6/2012,3/30/2023,4/6/2023,84,"Meridian4, House on Fire ApS",House On Fire
World of Warships Starter Pack: Ishizuchi,10/7/2022,3/23/2023,3/30/2023,,Wargaming,Wargaming Group
Chess Ultra,6/20/2017,3/23/2023,3/30/2023,81,Ripstone,Ripstone
"Warhammer 40,000: Gladius – Relics of War",7/11/2018,3/16/2023,3/23/2023,71,Slitherine,Proxy Studios
Call of the Sea,12/8/2020,3/9/2023,3/16/2023,77,Raw Fury,"Out of the Blue, Out of the Blue Studios"
Rise of Industry,2/9/2018,3/2/2023,3/9/2023,62,Kasedo Games,Dapper Penguin Studios
Duskers,5/17/2016,2/23/2023,3/2/2023,83,Misfits Attic,Misfits Attic
Warpips,4/29/2021,2/16/2023,2/23/2023,,Daedalic Entertainment,Skirmish Mode Games
Recipe for Disaster,4/24/2018,2/9/2023,2/16/2023,,,Dragon Slumber
Dishonored: Death of the Outsider,9/14/2017,2/2/2023,2/9/2023,83,Bethesda Softworks,"Bethesda Softworks, Arkane Studios"
City of Gangsters,8/9/2021,2/2/2023,2/9/2023,,Kasedo Games,"SomaSim, Kasedo Games"
Hell Is Others,10/20/2022,1/26/2023,2/2/2023,,A List Games,"Strelka Games, Yonder"
Adios,3/17/2021,1/26/2023,2/2/2023,78,Mischief,Mischief
Epistory: Typing Chronicles,3/29/2016,1/19/2023,1/26/2023,74,"Plug In Digital, Fishing Cactus","Plug In Digital, Fishing Cactus"
Gamedec: Definitive Edition,9/23/2014,1/12/2023,1/19/2023,,Zen Studios,Zen Studios
First Class Trouble,11/2/2021,1/12/2023,1/19/2023,,TBA,Invisible Walls ApS
Divine Knockout,12/6/2022,1/12/2023,1/19/2023,,Hi-Rez Studios,Red Beard Games
Shadow Tactics: Aiko’s Choice,12/6/2021,1/5/2023,1/12/2023,,Daedalic Entertainment,Mimimi Productions
Kerbal Space Program,4/26/2015,1/5/2023,1/12/2023,88,"Private Division, Squad",Squad
Eximius: Seize the Frontline,3/16/2021,12/29/2022,1/5/2023,53,TheGameWall Studios,Ammobox Studios
Dishonored: Definitive Edition,8/25/2015,12/29/2022,1/5/2023,78,Bethesda Softworks,Arkane Studios
Mortal Shell,8/18/2020,12/28/2022,12/29/2022,75,PlayStack,"Cold Symmetry, PlayStack"
Severed Steel,9/16/2021,12/27/2022,12/28/2022,,"Digerati, Digerati Distribution",Greylock Studio
F.I.S.T.: Forged in Shadow Torch,9/7/2021,12/26/2022,12/27/2022,76,bilibili,TiGAMES
Death Stranding,11/8/2019,12/25/2022,12/26/2022,84,"Sony Interactive Entertainment, 505 Games",Kojima Productions
Metro: Last Light Redux,8/25/2014,12/24/2022,12/25/2022,76,"Deep Silver, Koch Media, FISHLABS","Deep Silver, 4A Games, Fishlabs Entertainment"
Encased,9/7/2021,12/23/2022,12/24/2022,73,"Prime Matter, Black Tower Entertainment",Dark Crystal Games
Fallout Tactics: Brotherhood of Steel,3/1/2001,12/22/2022,12/23/2022,82,"Bethesda Softworks, Interplay Productions",Micro Forte
Fallout 2: A Post Nuclear Role Playing Game,9/30/1998,12/22/2022,12/23/2022,86,"Bethesda Softworks, Interplay Productions",Black Isle Studios
Fallout: A Post Nuclear Role Playing Game,9/30/1997,12/22/2022,12/23/2022,,"Bethesda Softworks, Interplay Productions, MacPlay","Black Isle Studios, Interplay Entertainment"
LEGO Builder’s Journey,12/19/2019,12/21/2022,12/22/2022,78,LEGO® Games,Light Brick Studio
Wolfenstein: The New Order,5/19/2014,12/20/2022,12/21/2022,81,Bethesda Softworks,"Bethesda Softworks, Machine Games"
Them’s Fightin’ Herds,4/30/2020,12/19/2022,12/20/2022,82,"Humble Bundle, Mane6",Mane6
Sable,9/23/2021,12/18/2022,12/19/2022,74,Raw Fury,Shedworks
Costume Quest 2,10/6/2014,12/17/2022,12/18/2022,68,"Majesco Entertainment, Midnight City","Double Fine Productions, Majesco Entertainment Company"
Horizon Chase Turbo,5/15/2018,12/16/2022,12/17/2022,78,"AQUIRIS, Aquiris Game Studio",Aquiris Game Studio
Bloons TD 6,6/14/2018,12/15/2022,12/16/2022,,"Ninja Kiwi, Kaiparasoft","Ninja Kiwi, AxelOrozco"
Wildcat Gun Machine,5/4/2022,12/8/2022,12/15/2022,,Daedalic Entertainment,Chunkybox Games
Saints Row IV: Re-Elected,8/21/2013,12/8/2022,12/15/2022,73,"Deep Silver, Koch Media","Deep Silver, Volition"
RPG in a Box,,12/1/2022,12/8/2022,,Justin Arnold,Justin Arnold
Fort Triumph,8/13/2021,12/1/2022,12/8/2022,,"All in! Games, Fort Triumph","Fort Triumph, CookieByte Entertainment"
Star Wars: Squadrons,10/2/2020,11/24/2022,12/1/2022,79,Electronic Arts,"Electronic Arts, Motive Studios"
Evil Dead: The Game,5/13/2022,11/17/2022,11/24/2022,73,"Saber Interactive, Lionsgate, Boss Team Games",Saber Interactive
Dark Deity,6/15/2021,11/17/2022,11/24/2022,,Freedom Games,Sword & Axe
Epic Cheerleader Pack,11/12/2018,11/15/2022,11/24/2022,,,Lucid Publishing
Shadow Tactics: Blades of the Shogun,12/5/2016,11/10/2022,11/17/2022,85,Daedalic Entertainment,"Daedalic Entertainment, Mimimi Productions"
Alba: A Wildlife Adventure,12/11/2020,11/10/2022,11/17/2022,81,ustwo games,ustwo games
Rising Storm 2: Vietnam,5/30/2017,11/3/2022,11/10/2022,81,"Tripwire Interactive, Iceberg Interactive","Tripwire Interactive, Antimatter Games"
Filament,4/22/2020,11/3/2022,11/10/2022,,"Maple Whispering, Kasedo Games",Beard Envy
"Warhammer 40,000: Mechanicus",11/15/2018,10/27/2022,11/3/2022,74,"Kalypso Media, Kasedo Games",Bulwark Studios
Saturnalia,10/27/2022,10/27/2022,11/3/2022,,Santa Ragione,Santa Ragione
Fallout 3: Game of the Year Edition,10/13/2009,10/20/2022,10/27/2022,91,Bethesda Softworks,Bethesda Game Studios
Evoland Legendary Edition,2/7/2019,10/20/2022,10/27/2022,66,Shiro Games,Shiro Games
ToeJam & Earl: Back in the Groove!,3/1/2019,10/13/2022,10/20/2022,72,"Adult Swim Games, Limited Run Games, HumaNature Studios","Humanature Studios, 22nd Century Software"
Darkwood,8/17/2017,10/13/2022,10/20/2022,78,"Crunching Koalas, Acid Wizard Studio","Crunching Koalas, Acid Wizard"
Slain: Back from Hell,3/23/2016,10/6/2022,10/13/2022,74,"Digerati, Digerati Distribution","Digerati Distribution, Stage Clear Studios, Steel Mantis, Andrew Gilmour"
Rising Hell,5/18/2021,10/6/2022,10/13/2022,,"Another Indie, Toge Productions, Neon Doctrine",Tahoe Games
The Drone Racing League,6/23/2017,9/29/2022,10/6/2022,,The Drone Racing League,The Drone Racing League
Runbow,8/27/2015,9/29/2022,10/6/2022,,"Headup Games, 13AM Games","Headup Games, 13AM Games"
Gloomhaven,7/17/2019,9/22/2022,9/29/2022,82,Asmodee Digital,Flaming Fowl Studios
Ark: Survival Evolved,6/2/2015,9/22/2022,9/29/2022,70,"Studio Wildcard, Snail Games USA, Wildcard Properties","Instinct Games, Studio Wildcard, Efecto Studios, Virtual Basement, WILDCARD PROPERTIES"
The Captain,12/3/2021,9/15/2022,9/22/2022,,"Tomorrow, Flyhigh Works",Sysiac Games
Spirit of the North,11/1/2019,9/15/2022,9/22/2022,61,Merge Games,Infuse Studio
Realm Royale Reforged Epic Launch Bundle,6/5/2018,9/8/2022,9/15/2022,,Hi-Rez Studios,Hi-Rez Studios
Hundred Days: Winemaking Simulator,5/12/2021,9/8/2022,9/15/2022,,"Nuverse, Broken Arms Games","Nuverse, Broken Arms Games"
Submerged: Hidden Depths,12/3/2020,9/1/2022,9/8/2022,,Uppercut Games,Uppercut Games
Shadow of the Tomb Raider: Definitive Edition,11/5/2019,9/1/2022,9/8/2022,,Square Enix,Eidos Montreal
Knockout City,5/21/2021,9/1/2022,9/8/2022,82,Electronic Arts,Velan studios
Ring of Pain,10/14/2020,8/25/2022,9/1/2022,,"Humble Games, Twice Different","Twice Different, Simon Boxer"
Destiny 2: Bungie 30th Anniversary Pack,6/9/2016,8/23/2022,8/30/2022,,Milestone,Milestone
Rumbleverse Boom Boxer Content Pack,7/9/2017,8/18/2022,8/25/2022,,"EHTechnology, oblomysh","EHTechnology, oblomysh"
Doom 64,3/31/1997,8/18/2022,8/25/2022,76,"Bethesda Softworks, Midway Games, Midway Home Entertainment, Bethesda","id Software, Midway Games, Nightdive Studios, Midway Home Entertainment"
"Cook, Serve, Delicious! 3?!",1/28/2020,8/11/2022,8/18/2022,,Vertigo Gaming,"Vertigo Gaming, chubigans"
Unrailed!,9/23/2020,8/4/2022,8/11/2022,73,Daedalic Entertainment,Indoor Astronaut
Lawn Mowing Simulator,8/10/2021,7/28/2022,8/4/2022,,"Curve Digital, Ramzan Arif","Giant Fish, Skyhook Games"
Tannenberg,2/13/2019,7/21/2022,7/28/2022,,"M2H, Blackmill Games","M2H, Blackmill Games"
Shop Titans,3/4/2019,7/21/2022,7/28/2022,,Kabam Games,Kabam Games
Wonder Boy: The Dragon’s Trap,4/18/2017,7/14/2022,7/21/2022,,DotEmu,"DotEmu, Lizardcube"
Killing Floor 2,11/18/2016,7/7/2022,7/14/2022,75,"Tripwire Interactive, Iceberg Interactive",Tripwire Interactive
Ancient Enemy,1/19/2021,7/7/2022,7/14/2022,,Grey Alien Games,Grey Alien Games
Iratus: Lord of the Dead,7/5/2018,6/30/2022,7/7/2022,78,"Daedalic Entertainment, Unfrozen","Unfrozen, IratusLord"
Hood: Outlaws & Legends,5/10/2021,6/30/2022,7/7/2022,64,Focus Home Interactive,Sumo Digital
Geneforge 1 – Mutagen,2/24/2021,6/30/2022,7/7/2022,,Spiderweb Software,Spiderweb Software
Car Mechanic Simulator 2018,7/28/2017,6/23/2022,6/30/2022,,PlayWay,Red Dot Games
A Game of Thrones: The Board Game Digital Edition,10/5/2020,6/23/2022,6/30/2022,,Asmodee Digital,Dire Wolf Digital
Supraland,4/5/2019,6/16/2022,6/23/2022,84,Supra Games,Supra Games
Maneater,5/22/2020,6/9/2022,6/16/2022,68,"Tripwire Interactive, Blindside Interactive",Blindside Interactive
Wolfenstein: The New Order,5/19/2014,6/2/2022,6/9/2022,81,Bethesda Softworks,"Bethesda Softworks, Machine Games"
BioShock: The Collection,9/13/2016,5/26/2022,6/2/2022,83,"2K Games, Take Two Interactive","2K, Irrational Games, Virtuos"
Borderlands 3,9/13/2019,5/19/2022,5/26/2022,83,"2K Games, Gearbox Publishing","2K, Gearbox Software"
Redout: Enhanced Edition,9/2/2016,5/12/2022,5/19/2022,81,"Nicalis, 34BigThings, windfallsoft","34BigThings, windfallsoft"
Prey,5/5/2017,5/12/2022,5/19/2022,80,Bethesda Softworks,Arkane Studios
Jotun: Valhalla Edition,9/29/2015,5/12/2022,5/19/2022,79,Thunder Lotus Games,"Thunder Lotus, Thunder Lotus Games"
Terraforming Mars,10/16/2018,5/5/2022,5/12/2022,,Asmodee Digital,"Asmodee Digital, Luckyhammers"
Paradigm,4/4/2017,4/28/2022,5/5/2022,86,Jacob Janerka,Jacob Janerka
Just Die Already,5/20/2021,4/28/2022,5/5/2022,,"Curve Digital, DoubleMoose",DoubleMoose
Riverbond,6/9/2019,4/21/2022,4/28/2022,,Cococucumber,Cococucumber
Amnesia: Rebirth,10/20/2020,4/21/2022,4/28/2022,78,Frictional Games,Frictional Games
XCOM 2,2/4/2016,4/14/2022,4/21/2022,88,"2K Games, Feral Interactive","Feral Interactive, 2K, Firaxis"
Insurmountable,4/28/2021,4/14/2022,4/21/2022,,"Daedalic Entertainment, ByteRockers' Games",ByteRockers' Games
Rogue Legacy,6/27/2013,4/7/2022,4/14/2022,85,"8-4, Cellar Door Games","Abstraction Games, 8-4, Cellar Door Games"
The Vanishing of Ethan Carter,7/15/2015,4/7/2022,4/14/2022,80,The Astronauts,The Astronauts
Total War: Warhammer,5/24/2016,3/31/2022,4/7/2022,86,"SEGA, Feral Interactive","Feral Interactive, Creative Assembly"
City of Brass,5/4/2018,3/31/2022,4/7/2022,,Uppercut Games,Uppercut Games
Demon’s Tilt,12/6/2019,3/24/2022,3/31/2022,,FLARB,"WIZNWAR, FLARB"
In Sound Mind,9/28/2021,3/17/2022,3/24/2022,74,"Modus Games, We Create Stuff",We Create Stuff
Cities: Skylines,3/10/2015,3/10/2022,3/17/2022,85,Paradox Interactive,Colossal Order
Centipede: Recharged,9/28/2021,3/3/2022,3/10/2022,,Atari,"SneakyBox, Adamvision Studios"
Black Widow: Recharged,10/27/2021,3/3/2022,3/10/2022,,Atari,"SneakyBox, Adamvision Studios"
Dauntless Epic Slayer Kit,5/21/2019,3/3/2022,3/10/2022,78,"INFORMATION SOLUTIONS GROUP, Phoenix Labs","ISOLGAMES, Phoenix Games, Phoenix Labs"
Cris Tales,7/20/2021,2/24/2022,3/3/2022,73,Modus Games,"Dreams Uncorporated, SYCK"
Brothers: A Tale of Two Sons,8/7/2013,2/17/2022,2/24/2022,90,"505 Games, Parables Games","Starbreeze Studios, Parables Games"
Windbound,8/27/2020,2/10/2022,2/17/2022,63,Deep Silver,5 Lives Studios
Yooka-Laylee and the Impossible Lair,10/7/2019,2/3/2022,2/10/2022,82,Team17 Digital,"Playtonic Games, playtronic"
Daemon X Machina,9/13/2019,1/27/2022,2/3/2022,70,"Nintendo, XSEED Games, Marvelous USA, Marvelous",Marvelous
Relicta,8/3/2020,1/20/2022,1/27/2022,74,"Ravenscourt, Mighty Polygon",Mighty Polygon
Galactic Civilizations III,5/13/2015,1/13/2022,1/20/2022,81,Stardock Entertainment,Stardock Entertainment
Gods Will Fall,1/29/2021,1/6/2022,1/13/2022,66,Deep Silver,"Clever Beans, Cleaver Beans"
Shadow of the Tomb Raider: Definitive Edition,11/5/2019,12/31/2021,1/6/2022,,Square Enix,Eidos Montreal
Rise of the Tomb Raider: 20 Year Celebration,2/8/2016,12/31/2021,1/6/2022,88,"Square Enix, Microsoft Studios, Crystal Dynamics","Crystal Dynamics, Eidos Montreal, Nixxes"
Tomb Raider Game of the Year Edition,1/31/2014,12/31/2021,1/6/2022,86,"Square Enix, Feral Interactive","Feral Interactive, Square Enix, NVIDIA Lightspeed Studios, Crystal Dynamics"
Salt and Sanctuary,3/15/2016,12/29/2021,12/30/2021,84,Ska Studios,Ska Studios
Moving Out,4/28/2020,12/28/2021,12/29/2021,77,Team17 Digital,"SMG Studio, Devm Games"
Mages of Mystralia,5/17/2017,12/27/2021,12/28/2021,75,Borealys Games,Borealys Games
Control,8/27/2019,12/26/2021,12/27/2021,84,505 Games,"505 Games, Remedy Entertainment"
Prey,5/5/2017,12/25/2021,12/26/2021,80,Bethesda Softworks,Arkane Studios
Pathfinder: Kingmaker,9/25/2018,12/24/2021,12/25/2021,73,Deep Silver,Owlcat Games
Vampyr,6/4/2018,12/23/2021,12/24/2021,70,Focus Home Interactive,DONTNOD Entertainment
Mutant Year Zero: Road to Eden,12/3/2018,12/22/2021,12/23/2021,78,Funcom,"The Bearded Ladies, Funcom Oslo A/S, The Bearded Ladies Consulting"
Second Extinction,10/20/2022,12/21/2021,12/22/2021,,Systemic Reaction,Systemic Reaction
Loop Hero,3/4/2021,12/20/2021,12/21/2021,83,Devolver Digital,Four Quarters
The Vanishing of Ethan Carter,7/15/2015,12/19/2021,12/20/2021,80,The Astronauts,The Astronauts
Remnant: From the Ashes,8/20/2019,12/18/2021,12/19/2021,76,Perfect World Entertainment,"Gunfire Games, Perfect World Entertainment"
Neon Abyss,7/13/2020,12/17/2021,12/18/2021,78,"Team17 Digital, VEEWO GAMES","Veewo Games, Veewo"
Shenmue III,11/19/2019,12/16/2021,12/17/2021,68,"Sony Computer Entertainment, Deep Silver","Deep Silver, Ys Net"
Prison Architect,10/5/2015,12/9/2021,12/16/2021,83,Introversion Software,"Double Eleven, Introversion Software"
Godfall Challenger Edition,7/6/2017,12/9/2021,12/16/2021,,Monstrum,Monstrum
while True: learn(),3/28/2018,12/2/2021,12/9/2021,73,"Nival, Nival Interactive, NIVAL INTERNATIONAL","Nival Interactive, Luden.io"
Dead by Daylight,6/14/2016,12/2/2021,12/9/2021,72,"Koch Media, Behaviour Interactive, Starbreeze Studios","Behaviour Interactive, Behaviour Digital"
Antstream Epic Welcome Pack,11/12/2018,11/25/2021,12/2/2021,,,Lucid Publishing
theHunter: Call of the Wild,2/16/2017,11/25/2021,12/2/2021,74,"Astragon Entertainment, Avalanche Studios",Expansive Worlds
Guild of Dungeoneering,7/13/2015,11/18/2021,11/25/2021,72,"Versus Evil, Gambrinous","Versus Evil, Gambrinous"
Kid A Mnesia Exhibition,11/18/2021,11/18/2021,11/25/2021,,,
Never Alone (Kisima Ingitchuna),11/18/2014,11/18/2021,11/25/2021,70,E-Line Media,Upper One Games
Rogue Company Season Four Epic Pack,5/11/2021,11/11/2021,11/18/2021,,,
Tiny Tina’s Assault on Dragon Keep,6/25/2013,11/11/2021,11/18/2021,,2K Games,Gearbox Software
Aven Colony,7/24/2017,11/4/2021,11/11/2021,65,Team17 Digital,"Team17 Digital, Mothership Entertainment"
DARQ: Complete Edition,11/7/2017,10/28/2021,11/4/2021,84,Koei Tecmo Games,Koei Tecmo
Among the Sleep: Enhanced Edition,5/28/2014,10/21/2021,10/28/2021,66,Krillbite Studio,"Krillbite Studio, KrillbiteStudio"
Stubbs the Zombie in Rebel Without a Pulse,11/21/2005,10/14/2021,10/21/2021,65,Aspyr,"Aspyr Media, Wideload Games"
Paladins Epic Pack,2/23/2017,10/14/2021,10/21/2021,,Hi-Rez Studios,Hi-Rez Studios
PC Building Simulator,3/27/2018,10/7/2021,10/14/2021,,Irregular,"Claudiu Kiss, The Irregular"
Europa Universalis IV,8/12/2013,9/30/2021,10/7/2021,87,Paradox Interactive,"Paradox Development Studio, Paradox Tinto"
2064: Read Only Memories,10/5/2015,9/30/2021,10/7/2021,,MidBoss,"MidBoss, charblar, Kossio, JJSignal"
The Escapists,2/12/2015,9/23/2021,9/30/2021,71,Team17 Digital,"Team17 Digital, Mouldy Toof Studios"
Tharsis,1/10/2016,9/16/2021,9/23/2021,61,"Choice Provisions, QubicGames",Choice Provisions
Speed Brawl,9/17/2018,9/16/2021,9/23/2021,,Kongregate,"Kongregate, Double Stallion"
Sheltered,9/4/2015,9/9/2021,9/16/2021,66,Team17 Digital,"Team17 Digital, Unicube"
Nioh: The Complete Edition,11/7/2017,9/9/2021,9/16/2021,84,Koei Tecmo Games,Koei Tecmo
Yoku’s Island Express,5/28/2018,9/2/2021,9/9/2021,,"Team17 Digital, Villa Gorilla","Team17 Digital, Villa Gorilla"
Automachef,7/23/2019,8/26/2021,9/2/2021,70,Team17 Digital,"Team17 Digital, Hermes Interactive"
Saints Row: The Third Remastered,5/22/2020,8/26/2021,9/2/2021,73,Deep Silver,"Volition, Sperasoft"
Yooka-Laylee,3/31/2017,8/19/2021,8/26/2021,73,Team17 Digital,"Team17 Digital, Playtonic Games"
Void Bastards,5/28/2019,8/19/2021,8/26/2021,78,"Humble Games, Humble Bundle",Blue Manchu
Rebel Galaxy,10/19/2015,8/12/2021,8/19/2021,72,"Double Damage Games, Double Damage Games.",Double Damage Games
Minit,4/2/2018,8/5/2021,8/12/2021,78,"Devolver Digital, GHI Media","Devolver Digital, JW, Kitty, Jukio, and Dom, JW, Kitty, Jukio, and Dominik, JW, Kitty, Jukio, and Dom"
A Plague Tale: Innocence,5/13/2019,8/5/2021,8/12/2021,82,Focus Home Interactive,"Focus Home Interactive, Asobo Studio"
Train Sim World 2,8/20/2020,7/29/2021,8/5/2021,,Dovetail Games - TSW,Dovetail Games
Mothergunship,7/16/2018,7/29/2021,8/5/2021,76,"Versus Evil, Grip Digital","Grip Digital, Terrible Posture Games"
Verdun,4/28/2015,7/22/2021,7/29/2021,70,"M2H, Blackmill Games, M2H & BlackMill Games","M2H, Blackmill Games"
Defense Grid: The Awakening,12/8/2008,7/22/2021,7/29/2021,81,Hidden Path Entertainment,Hidden Path Entertainment
Obduction,8/23/2016,7/15/2021,7/22/2021,76,Cyan Worlds,Cyan Worlds
Offworld Trading Company,4/27/2016,7/15/2021,7/22/2021,78,Stardock Entertainment,Mohawk Games
Ironcast,3/26/2015,7/8/2021,7/15/2021,75,Ripstone,Dreadbit
Bridge Constructor: The Walking Dead,11/18/2020,7/8/2021,7/15/2021,72,Headup Games,ClockStone
The Spectrum Retreat,7/10/2018,7/1/2021,7/8/2021,,Ripstone,"Ripstone, Dan Smith Studios"
Sonic Mania,8/15/2017,6/24/2021,7/1/2021,85,SEGA,"SEGA, Christian Whitehead, Headcannon, PagodaWest Games"
Horizon Chase Turbo,5/15/2018,6/24/2021,7/1/2021,78,"AQUIRIS, Aquiris Game Studio",Aquiris Game Studio
Overcooked! 2,8/6/2018,6/17/2021,6/24/2021,82,Team17 Digital,"Team17 Digital, Ghost Town Games"
Hell Is Other Demons,4/18/2019,6/17/2021,6/24/2021,,Kongregate,Cuddle Monster Games
Control,8/27/2019,6/10/2021,6/17/2021,84,505 Games,"505 Games, Remedy Entertainment"
Frostpunk,4/24/2018,6/3/2021,6/10/2021,85,11 bit studios,11 Bit Studios
Among Us,7/25/2018,5/27/2021,6/3/2021,82,Innersloth,Innersloth
NBA 2K21,9/4/2020,5/20/2021,5/27/2021,72,2K Games,"Visual Concepts, 2K Sports"
The Lion’s Song,7/12/2017,5/13/2021,5/20/2021,,Mi'pu'mi Games,"Mi'pu'mi Games, Mipumi Games"
Pine,10/10/2019,5/6/2021,5/13/2021,48,Kongregate,Twirlbound
World of Warships Exclusive Starter Pack,10/7/2022,5/6/2021,5/13/2021,,Wargaming,Wargaming Group
Idle Champions of the Forgotten Realms,9/7/2017,4/29/2021,5/6/2021,,Codename Entertainment,Codename Entertainment
Hand of Fate 2,11/6/2017,4/22/2021,4/29/2021,81,Defiant Development,Defiant Development
Alien: Isolation,10/5/2014,4/22/2021,4/29/2021,81,"SEGA, Feral Interactive","Feral Interactive, SEGA, Creative Assembly"
The First Tree,9/13/2017,4/15/2021,4/22/2021,,"GHI Media, LLC, David Wehle","David Wehle, Whelly"
Ken Follett’s The Pillars of the Earth,8/15/2017,4/15/2021,4/22/2021,79,Daedalic Entertainment,Daedalic Entertainment
Deponia: The Complete Journey,6/3/2014,4/15/2021,4/22/2021,,Daedalic Entertainment,Daedalic Entertainment
3 out of 10: Season Two,4/8/2021,4/8/2021,4/15/2021,,Terrible Posture Games,Terrible Posture Games
Tales of the Neon Sea,11/23/2018,4/1/2021,4/8/2021,,"Thermite Games, Zodiac Interactive, Boke Technology Company","Zodiac Interactive, Boke Technology Company, Palm Pioneer"
Creature in the Well,9/5/2019,3/25/2021,4/1/2021,,Flight School Studio,Flight School Studio
The Fall,5/29/2014,3/18/2021,3/25/2021,76,"Over The Moon, Over The Moon Games, Knight-HD","Over The Moon, Knight-HD"
Surviving Mars,3/14/2018,3/11/2021,3/18/2021,75,Paradox Interactive,"Haemimont Games, Paradox Interactive"
Wargame: Red Dragon,4/17/2014,3/4/2021,3/11/2021,78,Focus Home Interactive,Eugen Systems
Sunless Sea,2/5/2015,2/25/2021,3/4/2021,81,Failbetter Games,Failbetter Games
Rage 2,5/14/2019,2/18/2021,2/25/2021,71,Bethesda Softworks,"id Software, Avalanche Studios, Virtuos, Goodbye Kansas Games, Passion Republic Games, Isbit Games"
Absolute Drift,7/24/2015,2/18/2021,2/25/2021,66,"Noodlecake Studios, Funselektor Labs","Noodlecake Studios, FlippFly, Funselektor Labs"
Halcyon 6 Starbase Commander,9/8/2016,2/4/2021,2/11/2021,71,"GHI Media, LLC, Massive Damage, Smiling Buddha Games",Massive Damage
Metro: Last Light Redux,8/25/2014,2/4/2021,2/11/2021,76,"Deep Silver, Koch Media, FISHLABS","Deep Silver, 4A Games, Fishlabs Entertainment"
For the King,4/19/2018,2/4/2021,2/11/2021,78,"Curve Digital, IronOak Games","Curve Digital, IronOak Games"
Dandara: Trials of Fear Edition,2/6/2018,1/28/2021,2/4/2021,75,Raw Fury,"Raw Fury, Long Hat House"
Galactic Civilizations III,5/13/2015,1/21/2021,1/28/2021,81,Stardock Entertainment,Stardock Entertainment
Star Wars Battlefront II: Celebration Edition,11/17/2017,1/14/2021,1/21/2021,74,Electronic Arts,Electronic Arts DICE
Crying Suns,9/14/2018,1/7/2021,1/14/2021,,"Humble Bundle, Alt Shift","Humble Bundle, Alt Shift"
Jurassic World Evolution,6/12/2018,12/31/2020,1/7/2021,71,Frontier Developments,Frontier Developments
Torchlight II,9/20/2012,12/30/2020,12/31/2020,88,"Perfect World Entertainment, Runic Games, Perfect World","Runic Games, Perfect World Entertainment"
Solitairica,5/31/2016,12/29/2020,12/30/2020,,Righteous Hammer Games,Righteous Hammer Games
Stranded Deep,1/23/2015,12/28/2020,12/29/2020,65,Beam Team,"Telltale Games, Beam Team Games"
Night in the Woods,2/21/2017,12/27/2020,12/28/2020,88,Finji,"Finji, bombsfall, InfiniteAmmo, Infinite Fall"
My Time at Portia,1/14/2019,12/26/2020,12/27/2020,73,"Team17 Digital, Nuverse, Pathea Games","Team17 Digital, Pathea Games, Nuverse"
Darkest Dungeon,1/18/2016,12/25/2020,12/26/2020,84,Red Hook Studios,Red Hook Studios
Inside,6/28/2016,12/24/2020,12/25/2020,87,Playdead,Playdead
Tropico 5,5/22/2014,12/23/2020,12/24/2020,75,Kalypso Media,"Haemimont Games, Kalypso Media"
Metro 2033 Redux,8/25/2014,12/22/2020,12/23/2020,88,"Deep Silver, Koch Media, FISHLABS","Deep Silver, 4A Games, Fishlabs Entertainment"
Alien: Isolation,10/5/2014,12/21/2020,12/22/2020,81,"SEGA, Feral Interactive","Feral Interactive, SEGA, Creative Assembly"
Defense Grid: The Awakening,12/8/2008,12/20/2020,12/21/2020,81,Hidden Path Entertainment,Hidden Path Entertainment
The Long Dark,9/22/2014,12/19/2020,12/20/2020,76,Hinterland Studio,Hinterland Studio
Oddworld: New ‘n’ Tasty,7/22/2014,12/18/2020,12/19/2020,87,Oddworld Inhabitants,"Oddworld Inhabitants, Just Add Water, Nephilim Games"
Cities: Skylines,3/10/2015,12/17/2020,12/18/2020,85,Paradox Interactive,Colossal Order
Pillars of Eternity: Definitive Edition,11/14/2017,12/10/2020,12/17/2020,,Paradox Interactive,Obsidian Entertainment
Tyranny: Gold Edition,11/10/2016,12/10/2020,12/17/2020,,Paradox Interactive,Obsidian Entertainment
Cave Story+,3/22/2010,12/3/2020,12/10/2020,83,Nicalis,"Nicalis, Studio Pixel"
MudRunner,10/31/2018,11/26/2020,12/3/2020,72,Focus Home Interactive,"Saber Interactive, Focus Home Interactive"
Elite Dangerous,4/2/2015,11/19/2020,11/26/2020,80,Frontier Developments,Frontier Developments
The World Next Door,4/30/2019,11/19/2020,11/26/2020,,VIZ Media,Rose City Games
The Textorcist: The Story of Ray Bibbia,2/13/2019,11/12/2020,11/19/2020,,Headup Games,Morbidware
Dungeons 3,10/12/2017,11/5/2020,11/12/2020,74,Kalypso Media,"Kalypso Media, Realmforge Studios"
Blair Witch,8/30/2019,10/29/2020,11/5/2020,65,"Bloober Team, Lionsgate",Bloober Team
Ghostbusters: The Video Game Remastered,10/4/2019,10/29/2020,11/5/2020,68,"Saber Interactive, Mad Dog Games",Saber Interactive
Layers of Fear 2,5/28/2019,10/22/2020,10/29/2020,68,"Bloober Team, Gun Media","Bloober Team, GUN MEDIA HOLDINGS"
Costume Quest 2,10/6/2014,10/22/2020,10/29/2020,68,"Majesco Entertainment, Midnight City","Double Fine Productions, Majesco Entertainment Company"
Kingdom: New Lands,10/21/2015,10/15/2020,10/22/2020,80,Raw Fury,"Raw Fury, Noio, Licorice"
Amnesia: A Machine for Pigs,9/9/2013,10/15/2020,10/22/2020,72,Frictional Games,The Chinese Room
Rising Storm 2: Vietnam,5/30/2017,10/8/2020,10/15/2020,81,"Tripwire Interactive, Iceberg Interactive","Tripwire Interactive, Antimatter Games"
Abzû,8/2/2016,10/8/2020,10/15/2020,83,505 Games,Giant Squid
Pikuniku,1/3/2019,10/1/2020,10/8/2020,75,Devolver Digital,"Devolver Digital, Alan Zucconi, Arnaud De Bock, Rémi Forcadell, Calum Bowen"
RollerCoaster Tycoon 3: Complete Edition,9/24/2020,9/24/2020,10/1/2020,72,"Aspyr, Frontier Foundry","Aspyr Media, Frontier Developments"
Watch Dogs 2,11/28/2016,9/17/2020,9/24/2020,79,Ubisoft Entertainment,Ubisoft Montreal
Stick It to the Man!,11/19/2013,9/17/2020,9/24/2020,83,"Ripstone, Zoink Games","Zoink!, tgarr0"
Football Manager 2020,11/11/2019,9/17/2020,9/24/2020,84,SEGA,Sports Interactive
Railway Empire,1/25/2018,9/10/2020,9/17/2020,76,Kalypso Media,"Kalypso Media, Gaming Minds Studios"
Where the Water Tastes like Wine,2/28/2018,9/10/2020,9/17/2020,,"Good Shepherd Entertainment, Dim Bulb Games","Serenity Forge, Dim Bulb Games"
Into the Breach,2/26/2018,9/3/2020,9/10/2020,90,Subset Games,Subset Games
Shadowrun Collection,8/20/2015,8/27/2020,9/3/2020,,Harebrained Holdings,Harebrained Schemes
Hitman,3/11/2016,8/27/2020,9/3/2020,83,"Square Enix, Feral Interactive, Warner Bros. Interactive","Feral Interactive, Square Enix, IO Interactive"
God’s Trigger,4/18/2019,8/20/2020,8/27/2020,75,Techland Publishing,"Techland, One More Level"
Enter the Gungeon,4/4/2016,8/20/2020,8/27/2020,84,Devolver Digital,Dodge Roll
Remnant: From the Ashes,8/20/2019,8/13/2020,8/20/2020,76,Perfect World Entertainment,"Gunfire Games, Perfect World Entertainment"
The Alto Collection,8/13/2020,8/13/2020,8/20/2020,,Snowman,"Serenity Forge, Land & Sea"
A Total War Saga: TROY,9/2/2021,8/13/2020,8/20/2020,75,SEGA,Creative Assembly
Wilmot’s Warehouse,10/3/2017,8/6/2020,8/13/2020,,"Finji, Richard Hogg","Richard Hogg, Hollow Ponds"
"3 out of 10, EP 1",8/6/2020,8/6/2020,8/13/2020,79,Terrible Posture Games,Terrible Posture Games
20XX,11/25/2014,7/30/2020,8/6/2020,,"Batterystaple Games, Batterystaple","Fire Hose Games, Batterystaple Games"
Superbrothers: Sword & Sworcery EP,3/24/2011,7/30/2020,8/6/2020,,Capybara Games,"Noodlecake Studios, Capybara Games, Superbrothers, Jim Guthrie"
Barony,6/23/2015,7/30/2020,8/6/2020,,Turning Wheel,Turning Wheel
Next Up Hero,1/11/2018,7/23/2020,7/30/2020,,Aspyr,"Aspyr Media, Digital Continue"
Tacoma,8/1/2017,7/23/2020,7/30/2020,78,The Fullbright Company,Fullbright
Torchlight II,9/20/2012,7/16/2020,7/23/2020,88,"Perfect World Entertainment, Runic Games, Perfect World","Runic Games, Perfect World Entertainment"
Lifeless Planet: Premier Edition,6/6/2014,7/9/2020,7/16/2020,59,"Serenity Forge, Lace Games",Stage 2 Studios
Killing Floor 2,11/18/2016,7/9/2020,7/16/2020,75,"Tripwire Interactive, Iceberg Interactive",Tripwire Interactive
The Escapists 2,8/21/2017,7/9/2020,7/16/2020,74,Team17 Digital,"Team17 Digital, Mouldy Toof Studios"
Hue,8/30/2016,7/2/2020,7/9/2020,79,"Curve Digital, Serkan Binici","Curve Digital, Serkan Binici, Fiddlesticks Games, Fiddlesticks"
Stranger Things 3: The Game,7/3/2019,6/25/2020,7/2/2020,,"Netflix, BonusXP","Netflix, BonusXP, BONUS XP, InvertedEarthTheory"
AER Memories of Old,10/25/2017,6/25/2020,7/2/2020,71,Daedalic Entertainment,"Daedalic Entertainment, Forgotten Key"
Pathway,4/11/2019,6/18/2020,6/25/2020,68,Chucklefish,Robotality
Ark: Survival Evolved,6/2/2015,6/11/2020,6/18/2020,70,"Studio Wildcard, Snail Games USA, Wildcard Properties","Instinct Games, Studio Wildcard, Efecto Studios, Virtual Basement, WILDCARD PROPERTIES"
Samurai Shodown NeoGeo Collection,6/11/2020,6/11/2020,6/18/2020,76,SNK,Digital Eclipse
Overcooked,8/1/2016,6/4/2020,6/11/2020,81,Team17 Digital,"Team17 Digital, Ghost Town Games"
Sludge Life,4/8/2020,5/28/2020,5/28/2021,73,Devolver Digital,"Terri Vellmann, Doseone"
Borderlands: The Handsome Collection,3/24/2015,5/28/2020,6/4/2020,,"2K Games, Take Two Interactive","2K, Behaviour Interactive, Turn Me Up Games"
Sid Meier’s Civilization VI,10/20/2016,5/21/2020,5/28/2020,88,"2K Games, Aspyr","Aspyr Media, Firaxis"
Grand Theft Auto V: Premium Edition,9/17/2013,5/14/2020,5/21/2020,92,Rockstar Games,"Rockstar North, Rockstar Games"
Death Coming,3/14/2018,5/7/2020,5/14/2020,,"Zodiac Interactive, Next Studio, Sixjoy Hong Kong","NEXT Studios, Zodiac Interactive, Next Studio, Sixjoy Hong Kong"
Crashlands,1/20/2016,4/30/2020,5/7/2020,78,Butterscotch Shenanigans,Butterscotch Shenanigans
Amnesia: The Dark Descent,9/8/2010,4/30/2020,5/7/2020,85,Frictional Games,Frictional Games
For the King,4/19/2018,4/23/2020,4/30/2020,78,"Curve Digital, IronOak Games","Curve Digital, IronOak Games"
Wheels of Aurelia,9/20/2016,4/16/2020,4/23/2020,63,"Santa Ragione, MixedBag","Santa Ragione, MixedBag"
Just Cause 4,12/4/2018,4/16/2020,4/23/2020,68,Square Enix,"Square Enix, Avalanche Studios"
Close to the Sun,5/2/2019,4/9/2020,4/16/2020,66,Wired Productions,Storm in a Teacup
Sherlock Holmes: Crimes and Punishments,9/30/2014,4/9/2020,4/16/2020,77,"Focus Home Interactive, Frogwares",Frogwares
Drawful 2,6/20/2016,4/2/2020,4/9/2020,74,Jackbox Games,Jackbox Games
Gone Home,8/14/2013,4/2/2020,4/9/2020,86,"Annapurna Interactive, Majesco Entertainment, The Fullbright Company",The Fullbright Company
Hob,9/25/2017,4/2/2020,4/9/2020,,Runic Games,Runic Games
Totally Reliable Delivery Service,4/1/2020,4/1/2020,4/8/2020,56,tinyBuild,We're Five Games
World War Z,4/16/2019,3/26/2020,4/2/2020,70,Focus Home Interactive,Saber Interactive
Tormentor x Punisher,6/2/2017,3/26/2020,4/2/2020,,Raw Fury,"4EversGames, E-Studio"
Figment,9/21/2017,3/26/2020,4/2/2020,,"4EversGames, Bedtime Digital Games",Bedtime Digital Games
The Stanley Parable,10/17/2013,3/19/2020,3/26/2020,88,Galactic Cafe,Galactic Cafe
Watch Dogs,5/27/2014,3/19/2020,3/26/2020,77,Ubisoft Entertainment,"Ubisoft, Ubisoft Montreal"
Mutazione,9/19/2019,3/12/2020,3/19/2020,,"Akupara Games, Die Gute Fabrik, Die Gute Fabrik ApS",Die Gute Fabrik
A Short Hike,7/29/2019,3/12/2020,3/19/2020,84,adamgryu,adamgryu
Anodyne 2: Return to Dust,8/12/2019,3/12/2020,3/19/2020,,Analgesic Productions,"Joni Kittaka, Sean Han Tani, Analgesic Productions"
GoNNER,10/12/2016,3/5/2020,3/12/2020,81,Raw Fury,Art in Heart
Offworld Trading Company,4/27/2016,3/5/2020,3/12/2020,78,Stardock Entertainment,Mohawk Games
InnerSpace,1/16/2018,2/27/2020,3/5/2020,,Aspyr,"Aspyr Media, PolyKnight Games"
Assassin’s Creed Syndicate,10/23/2015,2/20/2020,2/27/2020,74,Ubisoft Entertainment,"Ubisoft Montreal, Ubisoft Quebec, Ubisoft Singapore"
Faeria,3/8/2017,2/20/2020,2/27/2020,80,"Versus Evil, Abrakam","Abrakam, Abrakam Entertainment"
Aztez,8/1/2017,2/13/2020,2/20/2020,81,Team Colorblind,Team Colorblind
Kingdom Come: Deliverance,2/13/2018,2/13/2020,2/20/2020,71,Warhorse Studios,"Deep Silver, Warhorse Studios"
Carcassonne,6/4/2010,2/6/2020,2/13/2020,63,"Asmodee Digital, TheCodingMonkeys","Plug In Digital, Asmodee Digital, Frima Studio, TheCodingMonkeys"
Ticket to Ride,12/18/2009,2/6/2020,2/13/2020,91,"Microsoft Studios, Asmodee Digital, Days of Wonder, Marmalade Game Studio","Plug In Digital, Asmodee Digital, Days of Wonder, Marmalade Game Studio, Next Level Games"
Farming Simulator 19,11/19/2018,1/30/2020,2/6/2020,,Focus Home Interactive,"Focus Home Interactive, Giants Software"
The Bridge,2/21/2013,1/23/2020,1/30/2020,74,"Midnight City, The Quantum Astrophysicists Guild","The Quantum Astrophysicists Guild, Ty Taylor and Mario Castañeda, Ty Taylor and Mario Castaneda"
Horace,7/17/2019,1/16/2020,1/23/2020,82,505 Games,"Sean Scaplehorn, Paul Helman"
Sundered: Eldritch Edition,6/7/2020,1/9/2020,1/16/2020,,,Thunder Lotus
Darksiders II,8/14/2012,1/1/2020,1/9/2020,83,THQ,"THQ Nordic, Vigil Games"
Darksiders,1/27/2010,1/1/2020,1/9/2020,83,"THQ Nordic, THQ","THQ, Vigil Games"
Steep,12/2/2016,1/1/2020,1/9/2020,72,Ubisoft Entertainment,"Ubisoft, Ubisoft Montpellier, Ubisoft Annecy, Ubisoft Kiev"
Yooka-Laylee and the Impossible Lair,10/7/2019,12/31/2019,1/1/2020,82,Team17 Digital,"Playtonic Games, playtronic"
Hello Neighbor,8/28/2017,12/30/2019,12/31/2019,40,tinyBuild,"tinyBuild, Dynamic Pixels"
The Talos Principle,12/11/2014,12/29/2019,12/30/2019,85,"Devolver Digital, GHI Media, Croteam","Devolver Digital, Croteam"
Shadow Tactics: Blades of the Shogun,12/5/2016,12/28/2019,12/29/2019,85,Daedalic Entertainment,"Daedalic Entertainment, Mimimi Productions"
Hyper Light Drifter,3/30/2016,12/27/2019,12/28/2019,84,"Abylight, Heart Machine","Heart Machine, Abylight"
FTL: Faster Than Light,9/14/2012,12/26/2019,12/27/2019,84,Subset Games,Subset Games
Totally Accurate Battle Simulator,4/1/2021,12/25/2019,12/26/2019,,Landfall,Landfall
Celeste,1/25/2018,12/24/2019,12/25/2019,91,Matt Makes Games,"Matt Makes Games, Extremely OK Games, Noel"
Ape Out,2/28/2019,12/23/2019,12/24/2019,84,Devolver Digital,"Devolver Digital, Gabe Cuzzillo, Gabe Cuzillo"
Little Inferno,11/17/2012,12/22/2019,12/23/2019,68,"Tomorrow, Experimental Gameplay Group","Tomorrow, Experimental Gameplay Group"
Superhot,2/24/2016,12/21/2019,12/22/2019,82,"SUPERHOT Team, SUPERHOT","SUPERHOT Team, SUPERHOT"
TowerFall Ascension,6/25/2013,12/20/2019,12/21/2019,87,Matt Makes Games,"Matt Makes Games, Matt Thorson"
Into the Breach,2/26/2018,12/19/2019,12/20/2019,90,Subset Games,Subset Games
The Escapists,2/12/2015,12/12/2019,12/19/2019,71,Team17 Digital,"Team17 Digital, Mouldy Toof Studios"
The Wolf Among Us,10/10/2013,12/12/2019,12/19/2019,82,Telltale Games,Telltale Games
Jotun: Valhalla Edition,9/29/2015,12/6/2019,12/12/2019,79,Thunder Lotus Games,"Thunder Lotus, Thunder Lotus Games"
Rayman Legends,8/29/2013,11/29/2019,12/6/2019,89,Ubisoft Entertainment,"Ubisoft, Ubisoft Montpellier"
Bad North,11/16/2016,11/21/2019,11/29/2019,70,Raw Fury,"Raw Fury, Plausible concept"
The Messenger,8/30/2018,11/14/2019,11/21/2019,84,Devolver Digital,Sabotage
Nuclear Throne,12/4/2015,11/7/2019,11/14/2019,,Vlambeer,Vlambeer
Ruiner,9/26/2017,11/7/2019,11/14/2019,78,Devolver Digital,"Devolver Digital, Reikon Games"
Costume Quest,10/19/2010,10/31/2019,11/7/2019,,"THQ Nordic, THQ, Double Fine Productions","THQ Nordic, Double Fine Productions"
SOMA,9/21/2015,10/31/2019,11/7/2019,84,Frictional Games,Frictional Games
Q.U.B.E. 2,3/13/2018,10/24/2019,10/31/2019,75,"Trapped Nerve Games, TrappedNerveGames","Toxic Games, Trapped Nerve Games"
Layers of Fear,2/16/2016,10/24/2019,10/31/2019,72,"Aspyr, Bloober Team","Bloober Team, Anshar Studios"
Observer,8/14/2017,10/17/2019,10/24/2019,77,"Aspyr, Bloober Team, Observer Studio","Bloober Team, Observer Studio"
Alan Wake’s American Nightmare,2/22/2012,10/17/2019,10/24/2019,73,"Microsoft Studios, THQ Nordic, Remedy Entertainment",Remedy Entertainment
Surviving Mars,3/14/2018,10/10/2019,10/17/2019,75,Paradox Interactive,"Haemimont Games, Paradox Interactive"
Minit,4/2/2018,10/3/2019,10/10/2019,78,"Devolver Digital, GHI Media","Devolver Digital, JW, Kitty, Jukio, and Dom, JW, Kitty, Jukio, and Dominik, JW, Kitty, Jukio, and Dom"
Everything,3/21/2017,9/26/2019,10/3/2019,76,"Double Fine Productions, David OReilly","David O'Reilly, David OReilly"
Metro 2033 Redux,8/25/2014,9/26/2019,10/3/2019,88,"Deep Silver, Koch Media, FISHLABS","Deep Silver, 4A Games, Fishlabs Entertainment"
Batman: Arkham Knight,6/23/2015,9/19/2019,9/26/2019,81,Warner Bros. Interactive,Rocksteady Studios
Batman: Arkham City,10/18/2011,9/19/2019,9/26/2019,94,Warner Bros. Interactive,Rocksteady Studios
Batman: Arkham Asylum,8/25/2009,9/19/2019,9/26/2019,91,"Square Enix, Feral Interactive, Eidos Interactive",Rocksteady Studios
LEGO Batman 3: Beyond Gotham,11/10/2014,9/19/2019,9/26/2019,75,"Feral Interactive, Warner Bros. Interactive, WB Games","Feral Interactive, Warner Bros. Interactive, Traveller's Tales, TT Games"
LEGO Batman 2: DC Super Heroes,6/19/2012,9/19/2019,9/26/2019,75,"Feral Interactive, Warner Bros. Interactive","Traveller's Tales, TT Fusion"
LEGO Batman: The Videogame,9/23/2008,9/19/2019,9/26/2019,80,"Feral Interactive, Warner Bros. Interactive","Traveller's Tales, TT Fusion"
Conarium,6/6/2017,9/12/2019,9/19/2019,73,Iceberg Interactive,Zoetrope Interactive
The End Is Nigh,7/12/2017,9/5/2019,9/12/2019,83,"Nicalis, Edmund McMillen, Tyler Glaiel","Nicalis, Edmund McMillen, Tyler Glaiel"
Abzû,8/2/2016,9/5/2019,9/12/2019,83,505 Games,Giant Squid
Celeste,1/25/2018,8/29/2019,9/5/2019,91,Matt Makes Games,"Matt Makes Games, Extremely OK Games, Noel"
Inside,6/28/2016,8/29/2019,9/5/2019,87,Playdead,Playdead
Fez,4/13/2012,8/22/2019,8/29/2019,91,"Microsoft Studios, Trapdoor, Corporation Polytron, Polytron",POLYTRON
Hyper Light Drifter,3/30/2016,8/15/2019,8/22/2019,84,"Abylight, Heart Machine","Heart Machine, Abylight"
Mutant Year Zero: Road to Eden,12/3/2018,8/15/2019,8/22/2019,78,Funcom,"The Bearded Ladies, Funcom Oslo A/S, The Bearded Ladies Consulting"
GNOG,5/2/2017,8/8/2019,8/15/2019,76,"Double Fine Productions, KO-OP MODE","KO_OP, KO-OP MODE"
For Honor,2/13/2017,8/2/2019,8/9/2019,76,Ubisoft Entertainment,"Ubisoft, Ubisoft Montreal, Ubisoft Toronto, Ubisoft Quebec, Blue Byte"
Alan Wake,5/14/2010,8/2/2019,8/9/2019,83,"Microsoft Studios, THQ Nordic, Remedy Entertainment",Remedy Entertainment
Moonlighter,5/28/2018,7/25/2019,8/2/2019,82,11 bit studios,"11 Bit Studios, Digital Sun"
This War of Mine,11/14/2014,7/25/2019,8/2/2019,83,11 bit studios,11 Bit Studios
Limbo,7/21/2010,7/17/2019,7/25/2019,88,"Microsoft Studios, Playdead, 鱼俞","Double Eleven, Playdead, 鱼俞"
Torchlight,10/26/2009,7/11/2019,7/18/2019,83,"Microsoft Studios, Perfect World Entertainment, JoWooD Entertainment, Runic Games",Runic Games
Overcooked,8/1/2016,7/4/2019,7/11/2019,81,Team17 Digital,"Team17 Digital, Ghost Town Games"
Last Day of June,8/30/2017,6/27/2019,7/4/2019,79,505 Games,"505 Games, Ovosonico"
Rebel Galaxy,10/19/2015,6/20/2019,6/27/2019,72,"Double Damage Games, Double Damage Games.",Double Damage Games
Enter the Gungeon,4/4/2016,6/13/2019,6/20/2019,84,Devolver Digital,Dodge Roll
Kingdom: New Lands,10/21/2015,6/6/2019,6/13/2019,80,Raw Fury,"Raw Fury, Noio, Licorice"
City of Brass,5/4/2018,5/30/2019,6/6/2019,,Uppercut Games,Uppercut Games
RiME,5/25/2017,5/23/2019,5/30/2019,78,"Tequila Works, Grey Box, Grey Box - Six Foot","QLOC, Tequila Works, Grey Box"
Stories Untold,2/26/2017,5/16/2019,5/30/2019,81,Devolver Digital,No Code
World of Goo,10/13/2008,5/2/2019,5/16/2019,90,"Tomorrow, 2D BOY",2D BOY
Transistor,5/20/2014,4/18/2019,5/2/2019,83,Supergiant Games,Supergiant Games
The Witness,1/25/2016,4/4/2019,4/18/2019,87,"Thekla, Number None","NVIDIA Lightspeed Studios, Number None, Thekla"
Oxenfree,1/14/2016,3/21/2019,4/4/2019,80,"Night School Studio, Night School Studios, Night School","Night School Studio, Night School Studios"
Slime Rancher,1/14/2016,3/7/2019,3/21/2019,81,Monomi Park,Monomi Park
Thimbleweed Park,3/29/2017,2/22/2019,3/7/2019,84,Terrible Toybox,Terrible Toybox
Axiom Verge,3/31/2015,2/7/2019,2/22/2019,80,Thomas Happ Games,Thomas Happ Games
The Jackbox Party Pack,11/18/2014,1/24/2019,2/7/2019,77,"Telltale Games, Jackbox Games",Jackbox Games
What Remains of Edith Finch,4/23/2017,1/11/2019,1/24/2019,89,Annapurna Interactive,"Annapurna Interactive, Giant Sparrow"
Super Meat Boy,10/20/2010,12/28/2018,1/10/2019,87,"Microsoft Studios, BlitWorks","NVIDIA Lightspeed Studios, Team Meat"
Subnautica,1/23/2018,12/12/2018,12/27/2018,83,Unknown Worlds Entertainment,Unknown Worlds Entertainment
